filename,peak KAM1 Actual,peak KAM1 Predict,peak KAM2 Actual,peak KAM2 Predict
L_02286562-fb94-4278-9fc9-6d6393cea6ce_model.csv,3.1684368,4.5250697,2.5095818,4.0573816
L_03e95717-2a96-4e4e-a434-1365cadc6963_model.csv,3.393121,3.8827956,3.0035334,3.3588533
L_04e9929e-18dd-4f25-bdff-25a48efbb1ef_model.csv,2.2243392,2.2489698,1.7805443,1.4395359
L_09ed5a7a-d928-41e3-8c63-16550a28380a_model.csv,0.9705402,0.61295784,0.95546657,0.6551227
L_0a9fa79f-f8af-481b-acab-1f72b694c968_model.csv,4.1145005,2.8293104,2.1724117,1.8234112
L_0b02ad63-0bec-4b8a-8087-f1771a13b07b_model.csv,5.6469293,5.7225823,5.3117957,5.0902023
L_0b143401-79ad-4490-8dde-e96fc07ecfd7_model.csv,4.626467,4.097055,1.1592243,1.1141522
L_0c457dde-032c-40b2-ab83-1fd592588b23_model.csv,0.8244074,2.165638,0.16531803,1.3252962
L_0d8ff9a6-5baf-48c2-9263-3ed6d8191bd6_model.csv,2.481154,3.0557032,2.0679812,1.6289823
L_0df971c1-9f1e-462d-9c74-ffbad438fa23_model.csv,2.6523468,2.1160927,1.8766961,1.2795244
L_0e59fce6-934b-405d-8956-8e88629fe61b_model.csv,7.560631,6.237111,6.767574,5.9470654
L_0f5d65fc-c9db-421f-8cd8-9f296cbd6fe8_model.csv,4.0603857,4.789696,3.125688,4.4039197
L_0fa43afd-d42b-4e21-8c1e-a33168b502ff_model.csv,6.2782598,5.9264226,6.460489,5.2601233
L_12b9bcf4-8079-421c-9239-62ea9454c236_model.csv,4.4250226,4.9616766,3.5253663,4.4151254
L_14685af5-80f5-4445-82e6-c9f029cb6978_model.csv,4.91517,4.6836853,2.685604,2.2968423
L_150a822e-4d02-43c5-813b-c4aee29cd221_model.csv,4.557075,5.3240676,2.3795657,3.3096592
L_161c1e7b-92b2-41e2-9f8e-b1f80c6832b4_model.csv,3.6505246,3.149789,4.006136,3.6972034
L_16549edb-761c-4ea0-9be9-93cfb5ffd067_model.csv,3.8758903,4.0624256,3.8857756,3.7013125
L_16f5602f-4df9-4483-b665-a57cdcc3758f_model.csv,1.1560824,0.80651385,1.851158,1.6840949
L_17e47715-4427-4b4f-b482-051949a5523a_model.csv,1.8737229,5.247796,2.3677616,4.7348948
L_17eeec4e-edd9-481a-87be-b35d629cb603_model.csv,5.639406,5.000229,5.0745435,5.018882
L_18dec793-c434-4852-b6b3-d5abbfe6df6e_model.csv,10.793587,9.31374,9.691138,8.02593
L_1cdb513a-7049-46e7-8a31-6c752ec30000_model.csv,0.99951667,0.5575403,0.47002462,0.36752158
L_1e695668-5a12-491a-a095-cfec2b206dea_model.csv,5.5706167,5.5368237,4.9640064,4.985485
L_1f3034b1-b94f-475f-957c-bf8bcee5bc95_model.csv,5.1264863,4.585753,5.0678735,4.839862
L_1ffdf709-fc55-4669-b9cf-369fe5cdfd0f_model.csv,3.9542494,4.7490234,6.1938796,6.4559674
L_22d49844-2d73-47bc-8894-4f2433cbfaca_model.csv,6.0461173,5.1115108,4.1378884,3.531868
L_23427dc3-da00-4a83-95fb-2421374b3fed_model.csv,7.0097437,6.347613,6.534835,6.1380005
L_263989b7-686d-42bb-a860-c745550016ad_model.csv,3.837903,3.4059143,4.20727,3.932052
L_267c0aeb-9784-441e-b2c7-b93a68f83975_model.csv,3.9826593,4.4540772,3.9813082,4.497713
L_283aa439-aad8-4451-bc0e-9694a9d43798_model.csv,5.5291557,6.1450653,6.6453276,6.957476
L_285ff424-50cf-49f5-8f1d-2eb023cfc5f6_model.csv,5.7654667,6.173456,3.6701148,4.018215
L_28db7b5c-a020-4f66-aab8-c97763ffa8a4_model.csv,3.9796255,3.7019868,3.8907366,3.1577446
L_2a7cd00e-2e16-4b75-a766-944e83ff5e0a_model.csv,6.1704435,5.3988094,3.4271615,3.1428394
L_2be4ae44-9944-40d1-b959-e6df3e788d8f_model.csv,3.3801968,3.826526,4.991033,4.973176
L_333a7069-f2de-4669-993b-e08d1ece9a8f_model.csv,6.187456,5.6643667,5.232029,6.186905
L_352b4f9b-5bc9-46af-a90b-092c09f2e77a_model.csv,4.443603,4.8664207,5.2651944,6.3132157
L_36dca6a6-9dd7-4fd8-b7fa-63310c13b424_model.csv,4.4391713,4.742525,3.9082172,4.478299
L_39785727-82c2-44e8-afa0-bf3196ada1f2_model.csv,5.140296,5.9450216,5.8803053,6.175536
L_3c61b91e-d830-4bf6-8954-0796d3b7d173_model.csv,4.437171,4.524348,6.385454,5.6124635
L_3e5b4571-955c-4fc3-bb85-20a15f7c472d_model.csv,5.349329,5.854272,3.3223212,4.122931
L_3f2196ca-1a70-4240-a2c7-0da387a43fbb_model.csv,3.1952448,3.5225582,0.9285963,1.424999
L_3f5ece01-d073-4b2f-89a5-9767a1a678d4_model.csv,3.583145,3.155808,2.3067455,3.7795448
L_4120dc04-f913-4176-9155-951001675edc_model.csv,2.295529,3.469973,2.50307,4.1320233
L_42586325-5b0f-4e2e-952a-a51f2a87ca9a_model.csv,2.690227,2.680869,1.714863,1.5559628
L_4612ab0d-cf7d-480f-b694-4e5ff9ba0754_model.csv,3.1825218,2.7302957,3.3132102,2.5743506
L_4b79942c-c4f1-4cf8-8f1e-da476c2465cb_model.csv,7.5559893,6.9689875,5.7399178,5.364068
L_4e1f3cb5-13d7-4ba7-901e-0e1f4403b67f_model.csv,3.9555295,3.4556656,4.0471764,3.1413052
L_4f339f19-897b-42ab-87bf-21cac1708ef2_model.csv,3.1229124,3.7802162,3.0767787,4.0608573
L_4f99fdd2-55e0-4f79-baa5-075e9ecddf33_model.csv,5.457336,5.294908,3.6671898,4.3581414
L_552af8ae-ab32-4c08-860a-51e7c19acca8_model.csv,2.6952012,2.607679,1.816171,2.2301617
L_56821530-0071-4f0f-b234-4fac75b99c40_model.csv,4.0373197,3.1383128,3.4477367,3.0432105
L_57800659-7325-403d-be3a-a9e139bb32f1_model.csv,5.5153103,4.9933853,6.1264343,6.1475697
L_59e5fc39-890f-4e16-bd66-4a0fdc901fac_model.csv,3.0811198,3.1181674,3.7996845,4.060879
L_5a5ea48b-318b-46ae-8c72-3075eb2573ec_model.csv,4.171304,4.2446437,3.7748759,4.1366787
L_5b520fb2-4b9e-4a25-8f54-f65c9cad77a2_model.csv,4.3202553,3.4431357,6.2738547,4.541437
L_5d643872-dc3f-420b-9226-b9e9f89beb6e_model.csv,3.5983198,3.1545858,7.5088053,6.199688
L_5f8d7f66-37fd-4d8f-aefc-cce8cded73e3_model.csv,8.154925,6.8825073,2.8977957,3.4194016
L_622789cf-c8b6-4f68-a8c0-52320abe9bfb_model.csv,3.5260255,3.6098845,4.452906,4.390092
L_62700364-9108-4098-b825-e87c6f210d0b_model.csv,2.9470458,3.3814855,2.4592483,3.0462437
L_627ff35a-b72a-4a97-8e7a-ddd1356ee124_model.csv,7.6754613,8.797197,5.834701,6.8236675
L_6671a2d1-e3a2-4094-a6e4-f09c6f7ea04f_model.csv,3.0703347,1.9726393,3.1739767,1.8436947
L_67ee806d-8d6c-4466-870a-4418d602f351_model.csv,6.030318,5.583438,3.2895143,2.9023414
L_68d135a5-1e22-4c67-9dc7-eac7256683cc_model.csv,2.4460032,1.5006306,2.3420331,1.6976616
L_70295046-49d8-4700-93ec-b32a28302661_model.csv,8.626919,8.466984,6.386511,6.6467113
L_722c5317-787e-47de-b98c-5986495b527a_model.csv,4.4494295,5.523017,1.858126,2.1874568
L_76d79dc9-dde2-4b1a-80da-468fb49036d5_model.csv,3.6372566,4.037114,2.6122859,3.352398
L_774c49d4-f60e-408c-83ee-b2951aa152b9_model.csv,2.2043226,4.6153045,2.0907965,3.9816608
L_7a8cfff7-21d1-4256-b7ce-b33e4c95bb2a_model.csv,7.7957315,8.761616,7.435594,7.971652
L_7cd3485c-822d-4253-aef3-e20b39d2cd5d_model.csv,4.1167016,4.5321655,3.0505805,3.730945
L_7f21c91e-0bd9-4be6-a22c-20d1d80dc2f4_model.csv,2.257455,2.2721748,1.6643106,1.4986591
L_80ba8e66-486e-4cec-8a05-cd851b68c40d_model.csv,6.1474323,6.581523,6.276148,7.0708995
L_834a8532-b590-41a8-b687-af1d0c0c4548_model.csv,10.243326,10.189972,9.309611,10.325954
L_8368ee90-ded3-424b-b482-66daaa6b6c5d_model.csv,7.3801265,5.827423,6.4776382,5.360893
L_83914040-2926-4e46-bcda-a1a6bdc47442_model.csv,5.4048615,7.0621414,3.5723748,4.210686
L_87a2a042-ef7b-4e60-a03c-498695866865_model.csv,1.996407,1.575572,1.7613477,1.1571679
L_8a5e870e-b1d9-47af-80c9-2fef9878e13f_model.csv,0.94916207,0.6256515,1.6183958,0.7876914
L_8bc15b35-ccc0-4503-b551-e47b8c40e9f2_model.csv,6.271967,7.4440055,6.076719,7.1153073
L_8d0bd219-cc9b-4956-b49d-d7530934b85c_model.csv,6.426419,7.0231533,3.4839125,4.5099072
L_8eb2369d-4307-4480-8587-2763e4e22ff3_model.csv,4.0762906,7.8820815,2.3298857,5.213188
L_900a82db-2866-450c-8dbd-fda0715162c3_model.csv,3.8618443,4.941763,4.2638316,6.4446845
L_941f0014-bd8a-49df-8c22-31fcb41d7003_model.csv,3.0572724,3.2479615,3.4121883,3.466146
L_958a5d1a-b6b6-4aef-8bc2-6d723475abee_model.csv,5.2211323,4.3190355,4.852391,4.654209
L_95a03797-9f08-4137-a7aa-ca900c239a8f_model.csv,3.780445,5.15516,4.9183745,6.3645487
L_9643ae2f-aafb-491e-ad01-2fc283bbc42a_model.csv,10.362295,8.613707,8.604701,6.780452
L_97349931-470d-4bb9-bbe8-53527ec57084_model.csv,3.5676901,3.456296,3.9829555,3.5762138
L_979c712d-a83b-4c2c-9f67-e13fd77c3d3e_model.csv,4.7586136,3.9498692,5.4569554,4.472927
L_993af61e-34de-4cea-91e7-742895e888f1_model.csv,4.411229,5.163474,3.4304352,4.319948
L_9c2846e5-98e0-401e-a4f4-6454239229cb_model.csv,4.5230737,5.141134,2.8921075,3.5435414
L_9d4271cc-96c5-4cfb-9c71-8da6505de8e6_model.csv,2.7538493,2.9441657,1.3982548,1.4349539
L_9ed6497b-9595-42ca-a927-a5779f93b310_model.csv,4.350476,4.5987663,2.1575215,1.6555293
L_a0b394c0-fe40-4a6b-902d-02e655054a9f_model.csv,3.7777135,3.9801207,3.9872894,3.8247228
L_a1505633-dbd6-4af9-b366-be44343dfc8a_model.csv,3.8910775,4.073354,3.301248,3.2738795
L_a263c534-9dfb-4706-8ad7-4348f91e0aaa_model.csv,5.001123,5.2435946,4.3395495,4.59884
L_a2b47f7f-29a6-4cb0-b901-efd7fe5234b6_model.csv,3.566825,3.1921368,3.3978567,3.5723863
L_a37b9ab2-7b88-4199-aec5-727c5a9ec11c_model.csv,4.467327,5.3491216,4.830457,4.6294055
L_a39a24f8-11ad-4c75-b6dc-c49307eb3dd1_model.csv,6.7076654,6.829962,5.409256,5.4688215
L_a3d72fc5-9161-43e8-ae93-b84ee685825c_model.csv,3.5978491,3.9379587,6.47147,7.365939
L_a5722cc8-9c95-4de3-8ada-c48ce39fed3f_model.csv,3.1260698,2.7294376,3.3796134,2.9103646
L_a5c8850a-5176-4876-800d-225f1620796d_model.csv,1.3965466,0.92922646,2.1986234,1.8432889
L_a8b2663a-a5e0-4420-87a8-488ec62dadda_model.csv,5.7003765,5.423909,4.1060658,3.6666942
L_aa4f7517-9576-4932-94ea-80f2c78b857f_model.csv,3.4055994,2.9258974,3.6351972,3.2610326
L_ad73b428-de83-44c4-ac15-4279546f76a9_model.csv,4.2005057,4.13246,2.8350387,2.4200413
L_ad7b9b75-5a72-4f98-9c31-b11533eaf079_model.csv,4.621268,4.1886973,3.5741951,3.2637026
L_ae6b198b-7a69-40e4-99c5-3aa7cef49c2d_model.csv,1.9684554,2.1247144,1.6334316,1.7026124
L_b167beaf-8d0f-46d0-9442-99de9adda69c_model.csv,3.351815,3.7597048,1.2076573,2.324589
L_b444cadf-d2e3-497a-ad4a-d47bdd9ecc66_model.csv,3.327851,3.6393216,5.319013,5.4223185
L_b696cdb8-f433-4281-8d23-4e3f7ec09c80_model.csv,8.120173,7.4057856,5.8418746,5.502713
L_b7b65b82-5616-4112-b0f2-415f812434de_model.csv,6.0175633,6.803714,4.3907633,5.0485563
L_b7fd4927-6e3c-40a5-8122-064fe8e7d653_model.csv,6.238413,5.585663,5.6272993,5.2795677
L_b8f77edd-091b-4e63-a01d-8fb87a9f955c_model.csv,7.386348,6.601319,5.4061747,5.1846514
L_bb46f8a2-6d16-47d8-aac0-1b46d79d3e1f_model.csv,4.0255885,3.8847885,3.8543499,4.0194273
L_c20d527a-043a-4326-a1dc-6cd0baa8e279_model.csv,2.4858727,2.5926566,1.5573447,1.3717701
L_c3aa7d2d-74ac-43b7-814f-9107b8dad755_model.csv,3.5918565,3.2548552,4.8807807,4.0090914
L_c6205bc4-7fd6-4955-8e07-a53a5040ee4c_model.csv,4.445076,4.9619517,3.998321,4.288034
L_ca48fb14-195b-4a57-a207-d5bbb9fbbf08_model.csv,2.4401293,2.3908257,2.1862843,2.0466862
L_ca6361d9-1a34-4101-90ce-35d7cd3fbfb0_model.csv,3.9572225,4.014684,2.7237508,3.209394
L_cd81309e-3418-4213-a10d-b9363c0189b9_model.csv,5.4429526,5.112653,6.1134787,5.0597243
L_cdd661af-6385-49c8-af6d-7e39b8914637_model.csv,3.97655,4.5278435,4.414924,4.3229227
L_cffa1787-9311-4c9c-8470-1a20890e60ea_model.csv,4.97137,5.5022297,2.588446,3.7164395
L_d14b0fca-e679-461e-96b8-ff510c2c018f_model.csv,3.8013542,3.8674178,3.6038585,4.1902394
L_d181ccf0-4d0c-4821-b416-67234550ac41_model.csv,1.3534651,2.5026135,0.5531714,1.6579242
L_d42dd8da-9528-4290-a672-510c0485ad9b_model.csv,3.2656329,3.0328484,3.5908282,3.9959998
L_d577f240-6259-4c53-86ba-75c39ab7ce49_model.csv,3.031456,2.4547977,1.8131248,1.9110405
L_d5e3620d-3723-41c7-b5ab-2d05a225f63f_model.csv,3.2000937,3.5206845,2.7854445,3.1408947
L_d6beebe6-bff9-4731-a985-19f5f4429ee1_model.csv,5.4857755,5.3684072,5.1703568,4.893158
L_d7954396-adf1-43e3-b7b7-794a56ff06bf_model.csv,4.1441064,3.52612,2.7659144,1.9581656
L_d798c2ef-39bd-4817-8ce1-3637936c5a14_model.csv,3.3793352,3.3395605,5.4137325,5.1094832
L_d9bcd9d7-b0da-49b2-95fd-b4b928207baf_model.csv,3.8226712,4.3346763,2.697205,2.5103498
L_d9d3d218-02d2-47e0-84dc-f76d817f6d27_model.csv,3.8485737,3.6119895,3.3832638,3.832969
L_da7876f2-8aae-467d-8650-3802c7a1dcda_model.csv,7.4353523,8.48478,7.5508895,7.701074
L_dd16b33b-a9b1-4ed0-9031-440f30149544_model.csv,1.5718168,1.0817819,2.083373,1.5707281
L_e21208b9-fec0-462d-b2ba-495a9dc776cf_model.csv,3.3672323,3.6001077,3.6949556,4.0085487
L_e554a8ea-cf5f-40a6-98a3-ebcdfc1b1fb3_model.csv,5.144571,4.729018,5.8447146,5.554605
L_e680dda1-50b3-49a4-b094-127a719d4a8d_model.csv,3.889818,4.520486,3.2187283,4.008945
L_e6b0be9e-d039-4e4c-8420-5ad0c890571a_model.csv,4.7935224,6.0238676,5.199487,5.6580544
L_e82d629d-b787-41aa-a3a0-7b8746bd59f2_model.csv,4.9142394,5.2343173,3.8571823,4.876545
L_e991430f-7354-4b5c-810a-ab08deef8aea_model.csv,10.821827,8.193407,9.161455,6.8414583
L_ea110dac-8dbf-4b1f-82bc-ce63a3aa19bb_model.csv,3.1883698,3.623834,3.2144823,3.6390262
L_ed4ea1d1-33f4-4497-b661-139370f24c28_model.csv,5.0270176,5.87626,4.602345,4.5075145
L_ed9714d2-a806-4229-98a3-156000fffe8b_model.csv,5.063957,3.9208798,3.7766714,4.4917865
L_edfb7925-6bd7-402d-871f-320a2f17cf29_model.csv,3.6138752,3.6564739,3.0782812,3.9877288
L_ef11d83b-a410-44a1-b321-f4f1d030fde0_model.csv,3.3730655,3.4654093,3.4765275,3.127583
L_f5f627b8-2e57-4aa4-b5b5-8a4f98dff990_model.csv,4.173079,4.735445,5.249488,5.4376564
L_f6f7c946-ef67-47c0-8a89-b0e310b3ca1a_model.csv,5.4878507,4.6628113,5.052585,4.9580264
L_f749b6b2-fb4c-4984-a96e-aebb3400a8eb_model.csv,1.8469559,3.1830907,2.5319638,3.3074079
L_f8f3bc25-42a5-4e8c-a8db-d6b0e7a581b4_model.csv,2.6517239,2.6674395,2.0750368,2.2534792
L_f9737ce7-405c-4f77-8400-47f47d3a7a9b_model.csv,6.083856,6.2017765,5.2624288,6.02627
L_fca6cbc2-f685-4aa5-9ebf-0cea31310dad_model.csv,9.705395,10.121223,7.7836986,8.551804
L_fca80978-6f22-4e26-b6dc-cc795884fa28_model.csv,5.6618724,3.9057071,6.9051003,5.656707
L_fe593128-8683-4e26-a917-e8e570100944_model.csv,0.5797606,0.7753237,1.5107516,1.0191362
L_fedb71b8-abfb-4d0c-b877-e351190ae19b_model.csv,6.229204,5.8851433,3.7156954,3.9855204
L_ff3d7eae-89db-4185-aa8f-f9c726d1801e_model.csv,4.879665,5.410049,3.8546135,4.741853
L_ffb520cf-2cd2-4497-a980-c4efa74eb51a_model.csv,7.5951304,6.7818513,5.601691,4.749751
R_015a373a-b03b-4b79-95ca-3bee5b61c408_model.csv,5.879639,5.703301,5.4457154,5.048037
R_024c7325-aae8-4e5a-b358-bfa860948364_model.csv,1.2213413,1.8347936,0.73113257,1.9095299
R_068e2af9-58c9-415c-930d-fb5758ac6217_model.csv,3.47002,2.7753143,3.2231407,2.8154752
R_086be104-04e7-47bf-8a65-78bb80505a6e_model.csv,1.2636681,1.928721,1.8454788,2.2135158
R_088eda3b-0610-4ebc-96ec-7d173f4c97ac_model.csv,2.8033838,3.1173003,0.5435856,0.5684345
R_0dbf9601-0a80-476f-8182-f4591e1c05e1_model.csv,2.7903533,3.0393405,2.2902458,2.7287
R_113900e2-2c82-4f61-a964-a7d47493736b_model.csv,4.952122,5.86114,4.1150913,5.259158
R_11c0c99b-44e0-44a5-8720-1a58b4ffc8c0_model.csv,2.5089865,2.71483,2.3345757,2.7892725
R_1571cc6f-13a1-45d9-b804-2e9fafd3658c_model.csv,2.524722,2.162595,2.1853287,2.0511365
R_15778d84-082a-4635-82f6-4ba090ca4cea_model.csv,4.154882,3.806136,4.147284,3.916092
R_17b95d9e-6798-4d1b-89d6-9495a9bb0509_model.csv,2.7449882,4.060452,2.8756235,4.569644
R_1928fa28-8a39-4458-9186-f78d3462261e_model.csv,1.7655094,1.8761435,0.31835923,0.566093
R_1939bef1-f620-4180-a404-942b1d4e2631_model.csv,3.7407267,4.6539097,1.2305497,2.346219
R_1a427c37-6db2-47d1-8ed1-c6e1fcdc10b4_model.csv,3.0661638,3.8700306,3.5839436,3.4948802
R_1afec38e-ead2-4fa6-bb49-a6f4e60b6e6a_model.csv,2.343448,2.7267418,1.6730365,1.6728837
R_1c00b700-7508-4208-b045-ac14e74350d1_model.csv,3.9250786,3.8721147,4.998626,4.633768
R_20ec5f8f-d0a0-4a60-af02-46fd39df06f3_model.csv,3.690196,3.7595284,2.1192381,2.9022074
R_263c659e-7e42-4874-964d-f14bcc66311c_model.csv,3.2226863,2.895443,2.1461928,1.9225421
R_26c82150-7231-41ee-8297-5a89d2462992_model.csv,4.0497494,3.9903023,5.1203127,5.6085987
R_27f52603-2ddd-4a13-9c69-9f5b1d800d5a_model.csv,4.8498087,5.0509095,4.3453712,4.4130177
R_28a9d0f8-62b2-4b53-89c4-85b0767f314f_model.csv,5.4638777,4.870179,4.7619686,4.3159676
R_2b2d5d16-ee43-4919-aedd-d141d187994a_model.csv,4.9351244,4.128477,3.6337981,3.291429
R_2b8a5702-696c-49e1-91ee-77249f8899c1_model.csv,4.8231263,3.5468173,3.122603,2.2723956
R_2cc2663b-2f5c-4181-ba68-3e3f07232dea_model.csv,1.3591822,3.3270612,1.4138298,4.140718
R_2cc51f8f-36c1-46a0-bc29-2c36d795813a_model.csv,2.9722495,3.1227322,1.8379341,2.2179296
R_2df42094-fc2d-4504-a972-ad6627336ecc_model.csv,5.9264936,6.047207,4.0427003,3.3560398
R_301e502a-a6ee-44fc-a376-56865eacebc7_model.csv,2.1594872,2.321931,1.4842052,1.6930995
R_309aaf3a-e3b8-4aa4-9fc4-9759997ed44e_model.csv,2.9028313,3.1289542,1.2583239,1.2973099
R_30ca4e26-90e3-4c83-9050-63acda43aa68_model.csv,3.2022555,2.6291137,3.2308438,3.2535615
R_32112974-c214-46d5-a7bd-f809c949d79c_model.csv,4.868885,4.5040674,6.667284,7.3556175
R_3411419b-c440-4b1e-ac7e-6e54bf30cd48_model.csv,2.8696012,2.61507,2.1589932,2.3613605
R_37b3549a-6d2c-4417-9b78-2986ba849628_model.csv,2.9401548,3.384214,1.7582039,1.3109558
R_39a57232-2528-4e6d-95c6-6e99b1f44570_model.csv,6.5350366,7.3858223,5.1722536,5.0884323
R_3b450c69-f47a-408e-b4fc-c84e1362331d_model.csv,4.965081,5.5879364,4.847508,4.80873
R_3c3451d4-3dd8-4b9b-9511-a2ea53e4a44a_model.csv,3.5036707,3.2819455,2.2976549,2.7640839
R_3cfbc8a2-144c-4f45-84ce-678371e93146_model.csv,3.3895123,2.610794,2.3248658,2.4165573
R_3ed2aae7-f02b-4715-aca1-21355a042b6a_model.csv,2.3079185,2.244365,1.8649757,2.1475987
R_42068c77-2e1e-41b3-9bc0-ff23de115ca3_model.csv,6.316886,6.0237064,4.0490255,4.5829606
R_431b9ec4-33de-46d6-9478-25a42005242b_model.csv,5.043079,5.500325,3.9429166,4.188426
R_43984a17-d9f4-4811-82fc-3bfd8cf2d1a7_model.csv,3.5678132,3.3053117,2.8744104,3.2193255
R_43dc76ec-3bd0-425c-8b3a-dd2082441e86_model.csv,4.010932,3.7516656,2.612767,2.136487
R_43e92647-7915-4b0e-89af-a1f1a4bc26ea_model.csv,4.2502003,2.912205,4.3727574,3.755387
R_43eba649-05c1-4dc9-a907-96203d791593_model.csv,0.73172086,1.0065079,0.65932477,1.1050358
R_44815c25-6470-4fac-bbc9-f1e48c23a040_model.csv,4.4589634,3.9721372,3.1921513,2.9580832
R_48462313-5dd4-41b4-9b34-6e506ded92ca_model.csv,1.7215713,1.401092,2.9890819,2.8181543
R_52e58153-c42a-45e9-a0fe-b01b54acc9f7_model.csv,7.808631,7.3425236,7.7913046,6.804388
R_537fb413-c228-4066-ad8b-12e7299a5549_model.csv,5.0140095,4.7542405,1.8716618,3.5723395
R_543ed96b-5975-4f03-87c0-f8727d89b960_model.csv,3.3817406,3.4333231,2.6079314,3.266674
R_559f0264-908f-435b-be68-5b5d226615cb_model.csv,7.8672485,8.232531,5.5067625,6.0377474
R_5830c810-16cb-47b0-8b49-fb9b18049dc2_model.csv,2.300247,2.8632314,1.4716402,1.8308215
R_5864b9ab-7cdb-40c5-9a77-8636b63427db_model.csv,3.812353,3.283077,2.4117372,1.82389
R_5ab270f7-2b37-41f1-9dd0-238eda965620_model.csv,5.058792,4.634733,4.709372,4.0946846
R_6024eae6-4c5c-45c1-bbeb-72e803cc45fa_model.csv,6.5372353,7.264116,5.5953703,6.3514056
R_606499dc-48dd-4117-9dc7-3f97339b8fee_model.csv,6.2774453,5.09768,5.8221087,4.6222954
R_64415f02-3d33-416c-9954-51ff0e3f4b2a_model.csv,4.7590213,5.6285577,2.3071783,3.832683
R_647f3d19-478a-4838-8e06-d2006519937c_model.csv,3.9313247,4.122714,3.4799595,4.306733
R_64a583aa-b1d5-4982-a4e7-2fd5e2b22e86_model.csv,4.031632,3.8846292,2.9842637,3.0269084
R_65909a0c-3347-4618-894a-1db5a0d677d1_model.csv,2.1299617,2.7828314,1.6817191,2.4342604
R_6631f351-690e-423b-8264-01873195a374_model.csv,5.990648,5.374463,4.9477654,4.7006607
R_68f46edd-7961-437e-ad49-1da20c80836c_model.csv,2.3640025,1.9691694,1.813508,1.5696492
R_69d6d65b-598c-4c81-af19-986b32390537_model.csv,1.9565449,1.3667212,2.2952402,1.2275661
R_6a4ac403-4cf2-48d4-a4f4-be04df2e503e_model.csv,0.8055603,0.96271616,1.0276854,0.7844296
R_70608bed-2247-48d4-9b9f-aa1bf4d393cf_model.csv,2.6703598,2.4561424,0.9315555,0.37600207
R_70a987bd-38ee-4a1f-b592-8bd4ffd71ac3_model.csv,3.808388,3.3577297,4.132664,3.4992638
R_719c46af-71f3-4d94-a613-f436b1ed5527_model.csv,8.21071,6.031148,8.05557,6.972686
R_78d4ed81-5552-4188-a351-84a86d20ad4b_model.csv,8.466644,8.537183,7.3448853,7.3612747
R_7caeaba7-1d2c-44f6-ae72-1366532dd738_model.csv,3.5387352,3.0437427,2.7581522,2.6078687
R_7e33d207-ada6-47b9-b4d1-12d713364840_model.csv,2.5578089,2.0109842,1.8748182,1.417198
R_7ff902be-6894-47b6-a0d9-68d245ebc6ab_model.csv,3.1100457,2.6439266,2.6191726,2.5559063
R_82a9f764-767a-482c-ac7d-6fe2ac6a325e_model.csv,3.1627529,3.7774916,2.5593069,2.6222243
R_86e85b14-a170-46e5-bc0a-5066617f5603_model.csv,3.95804,3.455871,2.235543,2.1148343
R_8ac4f29c-cdf8-4be3-b983-b76b56e2d07d_model.csv,3.4343538,3.8097153,2.4251606,2.266913
R_8b7cfc2a-f68a-4327-8e38-8c640a57b2fc_model.csv,1.796826,1.8509674,1.0100076,1.691103
R_8cd958fb-f560-49d0-ae15-250b77a735d7_model.csv,1.8271285,1.1195829,0.28565097,0.16955888
R_90982b67-33ec-4659-96c8-08e705f6b8a4_model.csv,5.808126,5.8883114,5.6574397,5.689292
R_910bbbb6-1b06-4155-8797-28ec421edcc2_model.csv,2.9411857,3.00265,2.8237543,2.710096
R_950739d3-1362-4dda-aebc-f32bdb0fb5b2_model.csv,9.451814,8.481491,6.392165,7.397813
R_95fef184-0697-4238-830a-c8f2f345a494_model.csv,3.4940908,3.3476982,2.9649694,3.1675873
R_968932ac-0327-43cc-b934-4fe2bdd55f0d_model.csv,1.955289,1.5513449,1.143253,0.975445
R_9a16ad88-8060-4b8d-a721-9631c8b3f096_model.csv,5.766261,5.1319933,2.7065217,2.6800227
R_9c1432fe-5c0e-4de4-b68f-ee65a3ff2985_model.csv,7.4049406,6.3818507,7.486182,6.824953
R_9d246ed9-7438-4725-85ed-4e31691713dc_model.csv,3.8708751,3.9497318,2.3189065,2.4063714
R_9d48389b-753d-4c52-8bcd-ad45fedb2a8b_model.csv,3.4894254,2.9904609,2.7188256,2.3465655
R_9e3be158-1882-4de6-b157-11b7cff0e92b_model.csv,4.4499574,4.3683004,2.0654893,2.77103
R_a10b58ea-944f-412c-9928-ed9c7f5afea5_model.csv,4.4365687,3.837215,3.6949089,3.557728
R_a14a0079-b918-4e81-8b12-c469c9ff3865_model.csv,1.2131262,1.6678164,0.6556191,0.5888488
R_a2461a58-ea12-4baf-b6ef-c405e7aba323_model.csv,3.3454587,3.7826385,2.2519765,3.0845761
R_a725c9f5-2b41-4b8c-9cdd-680dd2eb0d92_model.csv,2.983308,3.224443,1.2140702,2.05395
R_a744c169-49c2-4ce4-9897-04c530c21ab1_model.csv,3.9369524,5.0642624,2.2165823,2.9537835
R_a75f157e-c680-49be-b9db-956f1045e623_model.csv,7.4741793,7.381063,5.883946,6.344491
R_ab9fe588-79f1-4945-af95-4f80b6f7301e_model.csv,1.2934983,1.192729,0.9906867,0.7607402
R_acd5bb57-da49-46b5-980f-0553b1727486_model.csv,2.6644328,2.9281368,2.015271,2.6135345
R_b4ec92ba-22d7-4d9a-986e-018fc48e0e1a_model.csv,4.643804,4.996865,3.9266653,3.9664671
R_b555681f-8f70-4dd8-b38f-961b48da3d46_model.csv,2.6661148,2.475823,3.0628698,3.06889
R_b627faff-b85c-44fa-9d52-90dba8a81977_model.csv,2.7801042,2.1624935,2.6333601,2.4296212
R_b6f8de83-0fc9-4e06-8045-c5f47a3f43d0_model.csv,3.7768602,3.2944603,2.233443,2.494627
R_b845862e-40b3-4608-a8e2-6e7291485eb6_model.csv,6.6655464,7.5242414,6.0398445,6.525892
R_b9094a95-123b-4edd-8ad0-e5d4dbad0f2c_model.csv,3.9953876,3.3826501,3.2161279,3.5508785
R_b9608f1f-cec7-4e01-9bd1-bec61fc316c8_model.csv,6.421637,4.9283767,4.802346,3.503832
R_bf0589a5-edb0-4464-925e-6115ae6d7b1a_model.csv,2.6968124,1.9363203,1.2020465,0.3843234
R_c2adadd8-1535-462a-ac18-f94fae43a90e_model.csv,7.5159607,6.8900704,7.3310328,7.8297215
R_c2edef00-7213-41e4-b10d-f91c8d143a48_model.csv,5.0331793,5.0272145,4.10823,4.020885
R_c3825ce2-c6ca-448a-8593-ea91f36d83dc_model.csv,4.9068527,3.6247444,4.4697857,3.4611964
R_c5f42b9b-b27d-4c21-aa64-c937467fd632_model.csv,3.8517487,3.1767654,3.5655715,3.565065
R_c641a1d1-e0ee-4171-aaed-687e51ea19aa_model.csv,4.761068,4.898974,6.122032,5.8145447
R_c778064b-12fa-4a36-a880-c5e79382686e_model.csv,6.6512294,5.253053,5.3492527,4.550695
R_c7c56a7e-3b60-486b-95d4-8c584dafc975_model.csv,3.1837265,2.722146,3.5440853,2.9228878
R_cb608a4d-1ea6-4b64-b39f-1a7d2648a5ed_model.csv,4.189815,3.848064,3.8031662,2.964856
R_cc9eab0d-e400-40a3-a393-64b4206571d5_model.csv,3.3035495,3.345398,3.1839638,3.783533
R_d1f5100d-c1d6-4552-bc2c-ae1ba67e2106_model.csv,7.386139,7.0757856,7.4037642,6.8379374
R_d3f68c7c-d8ba-41fb-b9d6-dabc050f39f1_model.csv,2.3882637,2.626001,2.0881996,2.6823947
R_d474b40e-9bf7-4102-939f-07d737735be8_model.csv,1.4513775,1.3829107,1.1780424,0.97433823
R_d532bdd9-8b96-4a78-bfdf-bd2918aea41b_model.csv,1.6415529,1.7276897,2.5213044,2.2536871
R_d743b7d0-5297-4637-adfe-d14a7d9ca685_model.csv,4.054719,3.6762307,4.6535864,4.5583134
R_db28e7a6-dc2f-43e7-a44e-fbd1e8faf1b3_model.csv,1.9956952,1.761308,2.3513646,2.549326
R_dd9fcac6-47b6-456a-a6f0-1c41993e640b_model.csv,4.1983967,4.343466,4.264674,4.9682226
R_e0239759-4ac5-4dae-8bdb-28e62fd820d6_model.csv,2.282827,3.791674,0.9887003,2.8382401
R_e2ce4030-03e4-40af-b7ab-85806d27c085_model.csv,3.5202827,4.2545385,2.9489121,4.1335125
R_e34a7920-687d-432e-a220-a1ee135cc08e_model.csv,1.6005595,2.6703014,1.3072978,0.5592499
R_e3593e60-c0e5-43ce-a418-6e703e241a36_model.csv,2.5254457,2.7241068,2.7297835,2.1820114
R_e599c7d8-26fe-4fc6-b88a-ececa8665d39_model.csv,5.2636857,3.053515,5.8777046,4.0683103
R_e62d37b7-152a-4538-98dd-47dc9a6f20cc_model.csv,2.787092,3.1611118,2.0027566,2.0566373
R_e63a7d92-8b81-42af-8384-7587f4b5076e_model.csv,2.7510068,2.9503756,2.1524487,2.3656888
R_e80351f1-79b8-41f5-b96c-3aeee3ac38e6_model.csv,5.1058064,5.5889697,4.159221,3.7202365
R_e933cea4-4100-45bf-aa91-e0a63740dd9c_model.csv,2.649362,2.271667,2.1062481,1.9437342
R_eb1d6a53-46ad-455e-b9c2-c343c03d29cc_model.csv,6.496065,5.4851704,4.0016317,3.8352234
R_eb9d62e3-6fd0-47ae-adbd-75f33a237a32_model.csv,5.78754,5.860704,6.5218296,6.810114
R_ecabad50-5175-400f-88fc-259d0788a78d_model.csv,3.218658,3.9290857,1.5376378,1.9807756
R_eff7c484-17bb-4d80-8cf9-53dc35593c51_model.csv,4.871505,4.805048,4.3234987,4.4409337
R_f49aff35-532f-46e2-9531-08bf80bb80cb_model.csv,4.0262265,5.30468,5.134118,5.2958813
R_f7993e5f-d4ba-48dc-8d67-a12ac160cf68_model.csv,2.6886435,3.095006,3.1325078,3.1024914
R_f8cdc2eb-dfab-4f1d-bade-7a4fb316466a_model.csv,6.291876,4.9515095,4.9699574,3.2409968
R_fb110342-da12-4c44-b728-3df7098cbc3a_model.csv,4.736193,5.0860205,3.6938508,4.467844
R_fb1ce174-af2b-4f6e-9dec-f78f2a43177c_model.csv,3.037647,4.2012286,3.3070784,3.8087354
R_fd566b74-cbcf-4c38-b494-e3bc382787a0_model.csv,3.6221733,3.5258985,2.5629761,1.9082007
R_fdd89b1b-6054-467b-be26-0ba1327ae282_model.csv,7.0595226,8.075462,5.278843,5.873034
R_fdf9d320-b1e2-44a8-84d8-b855488c0823_model.csv,1.7878717,1.9712572,1.4661012,1.3125346
R_ff0503de-1ab0-4d6a-9d7d-21331bc09fc3_model.csv,2.8376179,3.2520711,2.6750367,2.3206666
